<?xml version="1.0" encoding="UTF-8"?>
<project-private xmlns="http://www.netbeans.org/ns/project-private/1">
    <editor-bookmarks xmlns="http://www.netbeans.org/ns/editor-bookmarks/2" lastBookmarkId="0"/>
    <open-files xmlns="http://www.netbeans.org/ns/projectui-open-files/2">
        <group>
            <file>file:/C:/xampp/htdocs/CampSeggieWebApp/camperProfile.php</file>
            <file>file:/C:/xampp/htdocs/CampSeggieWebApp/editItem.php</file>
            <file>file:/C:/xampp/htdocs/CampSeggieWebApp/Includes/db.php</file>
            <file>file:/C:/xampp/htdocs/CampSeggieWebApp/createNewCamper.php</file>
            <file>file:/C:/xampp/htdocs/CampSeggieWebApp/inventoryPage.php</file>
        </group>
    </open-files>
</project-private>
